INSERT INTO TipoCerveza (Nombre, Descripcion, GraduacionAlcoholica, Color) VALUES
('Pilsen', 'Cerveza rubia clásica, refrescante y ligera', 4.5, 'Dorado claro'),
('IPA', 'Cerveza lupulada con alto amargor y aroma frutal', 6.2, 'Ámbar'),
('Stout', 'Cerveza oscura con notas a café y chocolate', 5.8, 'Negro'),
('Porter', 'Versión más suave de la stout, con maltas tostadas', 5.0, 'Marrón oscuro'),
('Weissbier', 'Cerveza de trigo alemana con notas a banana y clavo', 5.4, 'Dorado turbio'),
('APA', 'American Pale Ale, balance entre malta y lúpulo', 5.5, 'Ámbar claro'),
('Lager', 'Fermentación baja, sabor limpio y refrescante', 4.8, 'Dorado'),
('Sour', 'Cerveza ácida con fermentación mixta', 4.0, 'Variable'),
('Belgian Dubbel', 'Cerveza belga oscura con notas frutales', 7.0, 'Marrón rojizo'),
('Barley Wine', 'Cerveza fuerte y compleja, similar al vino', 10.5, 'Ámbar oscuro'),
('Gose', 'Cerveza ácida y ligeramente salada', 4.2, 'Dorado pálido'),
('Red Ale', 'Cerveza rojiza con maltas caramelizadas', 5.2, 'Rojo ámbar'),
('Bock', 'Cerveza fuerte de origen alemán', 6.5, 'Marrón'),
('Hefeweizen', 'Cerveza de trigo sin filtrar', 5.0, 'Dorado turbio'),
('Scotch Ale', 'Cerveza maltosa con notas a caramelo', 6.8, 'Ámbar oscuro'),
('Saison', 'Cerveza de granja belga, especiada y refrescante', 6.0, 'Dorado'),
('Imperial Stout', 'Stout de alta graduación alcohólica', 9.0, 'Negro opaco'),
('Pale Ale', 'Cerveza balanceada con carácter de lúpulo', 5.2, 'Dorado ámbar'),
('Kölsch', 'Cerveza clara y refrescante de Colonia', 4.8, 'Dorado pálido'),
('Fruit Beer', 'Cerveza con adición de frutas', 4.5, 'Variable');

INSERT INTO Proveedor (Nombre, RUC, Direccion, Telefono, Email, ContactoPrincipal, TipoProveedor) VALUES
('Malterías Andinas', '20123456781', 'Av. Industrial 123, Lima', '987654321', 'ventas@malteriasandes.com', 'Juan Pérez', 'Materias Primas'),
('Lúpulos del Sur', '20123456782', 'Calle Los Lúpulos 456, Arequipa', '987654322', 'contacto@lupulosdelsur.com', 'María Gómez', 'Materias Primas'),
('Envases Perú', '20123456783', 'Av. Plásticos 789, Callao', '987654323', 'info@envasesperu.com', 'Carlos Ruiz', 'Envases'),
('Levaduras Especiales', '20123456784', 'Jr. Fermentación 321, Trujillo', '987654324', 'ventas@levadurasespeciales.com', 'Roberto Sánchez', 'Insumos'),
('Equipos Cerveceros SAC', '20123456785', 'Av. Maquinaria 654, Lima', '987654325', 'equipos@cerveceros.com', 'Luisa Fernández', 'Equipos'),
('Distribuidora Norte', '20123456786', 'Calle Distribución 987, Chiclayo', '987654326', 'distribucion@norte.com', 'Pedro Vargas', 'Distribución'),
('Cristalería Andina', '20123456787', 'Av. Vidrio 147, Huancayo', '987654327', 'ventas@cristaleriaandina.com', 'Ana Mendoza', 'Envases'),
('Agua Pura SAC', '20123456788', 'Jr. Manantial 258, Cusco', '987654328', 'ventas@aguapura.com', 'Jorge Castro', 'Insumos'),
('Etiquetas Creativas', '20123456789', 'Av. Diseño 369, Lima', '987654329', 'diseno@etiquetascreativas.com', 'Susana Ríos', 'Marketing'),
('Importadora de Lúpulos', '20123456710', 'Calle Importaciones 159, Ica', '987654330', 'import@lupulos.com', 'Miguel Torres', 'Materias Primas'),
('Tecnocerveza', '20123456711', 'Av. Tecnología 753, Arequipa', '987654331', 'tecnologia@tecnocerveza.com', 'Laura Jiménez', 'Equipos'),
('Maltas Especiales', '20123456712', 'Jr. Cebada 852, Piura', '987654332', 'maltas@especiales.com', 'Ricardo Palma', 'Materias Primas'),
('Fermentadores SAC', '20123456713', 'Av. Acero 963, Lima', '987654333', 'ventas@fermentadores.com', 'Daniela Castro', 'Equipos'),
('Distribuidora Sur', '20123456714', 'Calle Envíos 741, Tacna', '987654334', 'contacto@distribuidorasur.com', 'Oscar Díaz', 'Distribución'),
('Envases Ecológicos', '20123456715', 'Av. Reciclaje 159, Huaraz', '987654335', 'eco@envases.com', 'Carmen Rosa', 'Envases'),
('Insumos Cerveceros', '20123456716', 'Jr. Ingredientes 357, Iquitos', '987654336', 'insumos@cerveceros.com', 'Fernando Soto', 'Insumos'),
('Maquinaria Pesada', '20123456717', 'Av. Industrial 456, Chimbote', '987654337', 'maquinaria@pesada.com', 'Hugo Miranda', 'Equipos'),
('Lúpulos Selectos', '20123456718', 'Calle Selección 753, Puno', '987654338', 'selectos@lupulos.com', 'Patricia León', 'Materias Primas'),
('Distribuidora Oriente', '20123456719', 'Av. Este 951, Tarapoto', '987654339', 'oriente@distribuidora.com', 'Raúl Espinoza', 'Distribución'),
('Taponera Nacional', '20123456720', 'Jr. Corchos 642, Lima', '987654340', 'tapones@nacional.com', 'Sandra Quispe', 'Envases');

INSERT INTO Usuario (Nombre, Apellido, Email, NombreUsuario, Contrasena, Rol) VALUES
('Admin', 'Sistema', 'admin@andebrew.com', 'admin', 'hashed_password_123', 'Administrador'),
('Juan', 'García', 'juan.garcia@andebrew.com', 'jgarcia', 'hashed_password_456', 'Gerente'),
('María', 'López', 'maria.lopez@andebrew.com', 'mlopez', 'hashed_password_789', 'Producción'),
('Carlos', 'Martínez', 'carlos.martinez@andebrew.com', 'cmartinez', 'hashed_password_012', 'Producción'),
('Ana', 'Rodríguez', 'ana.rodriguez@andebrew.com', 'arodriguez', 'hashed_password_345', 'Inventario'),
('Luis', 'Fernández', 'luis.fernandez@andebrew.com', 'lfernandez', 'hashed_password_678', 'Ventas'),
('Sofía', 'Pérez', 'sofia.perez@andebrew.com', 'sperez', 'hashed_password_901', 'Marketing'),
('Pedro', 'Sánchez', 'pedro.sanchez@andebrew.com', 'psanchez', 'hashed_password_234', 'Logística'),
('Laura', 'Gómez', 'laura.gomez@andebrew.com', 'lgomez', 'hashed_password_567', 'Calidad'),
('Diego', 'Hernández', 'diego.hernandez@andebrew.com', 'dhernandez', 'hashed_password_890', 'Producción'),
('Elena', 'Díaz', 'elena.diaz@andebrew.com', 'ediaz', 'hashed_password_123', 'Inventario'),
('Jorge', 'Ruiz', 'jorge.ruiz@andebrew.com', 'jruiz', 'hashed_password_456', 'Ventas'),
('Carmen', 'Torres', 'carmen.torres@andebrew.com', 'ctorres', 'hashed_password_789', 'Marketing'),
('Ricardo', 'Vargas', 'ricardo.vargas@andebrew.com', 'rvargas', 'hashed_password_012', 'Logística'),
('Patricia', 'Castro', 'patricia.castro@andebrew.com', 'pcastro', 'hashed_password_345', 'Calidad'),
('Oscar', 'Romero', 'oscar.romero@andebrew.com', 'oromero', 'hashed_password_678', 'Producción'),
('Daniela', 'Suárez', 'daniela.suarez@andebrew.com', 'dsuarez', 'hashed_password_901', 'Inventario'),
('Fernando', 'Mendoza', 'fernando.mendoza@andebrew.com', 'fmendoza', 'hashed_password_234', 'Ventas'),
('Lucía', 'Ríos', 'lucia.rios@andebrew.com', 'lrios', 'hashed_password_567', 'Marketing'),
('Hugo', 'Silva', 'hugo.silva@andebrew.com', 'hsilva', 'hashed_password_890', 'Logística');

INSERT INTO Producto (TipoID, Nombre, Descripcion, PrecioUnitario, UnidadMedida, CapacidadML, ProveedorID) VALUES
(1, 'AndeBrew Pilsen', 'Cerveza rubia premium', 8.50, 'Botella', 355, 1),
(2, 'AndeBrew IPA', 'India Pale Ale intensa', 10.50, 'Botella', 355, 2),
(3, 'AndeBrew Stout', 'Stout cremosa con notas a café', 9.80, 'Botella', 355, 1),
(4, 'AndeBrew Porter', 'Porter suave y balanceada', 9.20, 'Botella', 355, 3),
(5, 'AndeBrew Weiss', 'Cerveza de trigo alemana', 8.90, 'Botella', 500, 4),
(6, 'AndeBrew APA', 'American Pale Ale refrescante', 9.50, 'Botella', 355, 2),
(7, 'AndeBrew Lager', 'Lager clásica y refrescante', 7.80, 'Botella', 355, 1),
(8, 'AndeBrew Sour', 'Cerveza ácida con frutos rojos', 11.20, 'Botella', 355, 5),
(9, 'AndeBrew Dubbel', 'Cerveza belga estilo abadía', 12.50, 'Botella', 330, 6),
(10, 'AndeBrew Barley', 'Barley Wine envejecida en barrica', 15.80, 'Botella', 330, 7),
(11, 'AndeBrew Gose', 'Gose tradicional con sal marina', 10.20, 'Botella', 355, 8),
(12, 'AndeBrew Red', 'Red Ale con maltas caramelizadas', 9.90, 'Botella', 355, 9),
(13, 'AndeBrew Bock', 'Bock fuerte y maltosa', 11.50, 'Botella', 500, 10),
(14, 'AndeBrew Hefe', 'Hefeweizen sin filtrar', 9.20, 'Botella', 500, 11),
(15, 'AndeBrew Scotch', 'Scotch Ale con notas a caramelo', 10.80, 'Botella', 355, 12),
(16, 'AndeBrew Saison', 'Saison especiada de temporada', 11.20, 'Botella', 355, 13),
(17, 'AndeBrew Imperial', 'Imperial Stout envejecida', 16.50, 'Botella', 330, 14),
(18, 'AndeBrew Pale', 'Pale Ale balanceada', 8.90, 'Botella', 355, 15),
(19, 'AndeBrew Kölsch', 'Kölsch tradicional', 9.50, 'Botella', 330, 16),
(20, 'AndeBrew Frutal', 'Cerveza con mango y maracuyá', 10.50, 'Botella', 355, 17);

INSERT INTO Produccion (ProductoID, CantidadProducida, FechaCaducidad, Lote, Notas) VALUES
(1, 5000, '2024-12-31', 'LOTE-2023-001', 'Producción estándar'),
(2, 3000, '2024-11-30', 'LOTE-2023-002', 'Mayor cantidad de lúpulos'),
(3, 2000, '2024-12-15', 'LOTE-2023-003', 'Usado café orgánico'),
(4, 2500, '2024-10-31', 'LOTE-2023-004', 'Fermentación extendida'),
(5, 3500, '2024-09-30', 'LOTE-2023-005', 'Levadura especial importada'),
(6, 4000, '2024-11-15', 'LOTE-2023-006', 'Lote para exportación'),
(7, 6000, '2025-01-31', 'LOTE-2023-007', 'Producción masiva'),
(8, 1500, '2024-08-31', 'LOTE-2023-008', 'Edición limitada'),
(9, 1200, '2025-06-30', 'LOTE-2023-009', 'Envejecimiento en barrica'),
(10, 800, '2026-12-31', 'LOTE-2023-010', 'Reserva especial'),
(11, 1800, '2024-07-31', 'LOTE-2023-011', 'Sal del mar de Paracas'),
(12, 2200, '2024-10-15', 'LOTE-2023-012', 'Maltas especiales'),
(13, 1600, '2024-12-31', 'LOTE-2023-013', 'Fermentación a baja temperatura'),
(14, 2800, '2024-09-15', 'LOTE-2023-014', 'Sin filtrar'),
(15, 1900, '2024-11-30', 'LOTE-2023-015', 'Notas ahumadas'),
(16, 1300, '2024-08-31', 'LOTE-2023-016', 'Edición de verano'),
(17, 700, '2026-06-30', 'LOTE-2023-017', 'Barrica de bourbon'),
(18, 3200, '2024-10-31', 'LOTE-2023-018', 'Lúpulos nacionales'),
(19, 2400, '2024-09-30', 'LOTE-2023-019', 'Estilo tradicional'),
(20, 1700, '2024-08-15', 'LOTE-2023-020', 'Fruta de estación');

INSERT INTO Inventario (ProductoID, CantidadDisponible, CantidadMinima, Ubicacion) VALUES
(1, 1250, 200, 'Almacén A, Estante 1'),
(2, 850, 150, 'Almacén A, Estante 2'),
(3, 420, 100, 'Almacén B, Estante 1'),
(4, 580, 120, 'Almacén B, Estante 2'),
(5, 720, 180, 'Almacén C, Estante 1'),
(6, 950, 200, 'Almacén C, Estante 2'),
(7, 1500, 300, 'Almacén D, Estante 1'),
(8, 320, 80, 'Almacén D, Estante 2'),
(9, 280, 60, 'Almacén E, Estante 1'),
(10, 150, 30, 'Cámara de Reserva'),
(11, 410, 90, 'Almacén E, Estante 2'),
(12, 490, 110, 'Almacén F, Estante 1'),
(13, 380, 70, 'Almacén F, Estante 2'),
(14, 620, 140, 'Almacén G, Estante 1'),
(15, 450, 100, 'Almacén G, Estante 2'),
(16, 290, 60, 'Almacén H, Estante 1'),
(17, 180, 40, 'Cámara de Reserva'),
(18, 780, 160, 'Almacén H, Estante 2'),
(19, 560, 120, 'Almacén I, Estante 1'),
(20, 390, 80, 'Almacén I, Estante 2');

INSERT INTO Movimiento (ProductoID, TipoMovimiento, Cantidad, Motivo, UsuarioID) VALUES
(1, 'Entrada', 5000, 'Producción inicial', 3),
(1, 'Salida', 3750, 'Venta a distribuidor', 6),
(2, 'Entrada', 3000, 'Producción inicial', 4),
(2, 'Salida', 2150, 'Venta a distribuidor', 6),
(3, 'Entrada', 2000, 'Producción inicial', 3),
(3, 'Salida', 1580, 'Pedido restaurante', 6),
(4, 'Entrada', 2500, 'Producción inicial', 4),
(4, 'Salida', 1920, 'Venta minorista', 6),
(5, 'Entrada', 3500, 'Producción inicial', 3),
(5, 'Salida', 2780, 'Evento especial', 6),
(6, 'Entrada', 4000, 'Producción inicial', 4),
(6, 'Salida', 3050, 'Exportación', 6),
(7, 'Entrada', 6000, 'Producción inicial', 3),
(7, 'Salida', 4500, 'Cadena de supermercados', 6),
(8, 'Entrada', 1500, 'Producción inicial', 4),
(8, 'Salida', 1180, 'Tiendas especializadas', 6),
(9, 'Entrada', 1200, 'Producción inicial', 3),
(9, 'Salida', 920, 'Restaurantes gourmet', 6),
(10, 'Entrada', 800, 'Producción inicial', 4),
(10, 'Ajuste', 50, 'Control de calidad', 5);

INSERT INTO Reporte (TipoReporte, UsuarioID, Parametros, RutaArchivo) VALUES
('Inventario Mensual', 1, '{"mes": "Enero", "año": 2023}', '/reportes/inventario_012023.pdf'),
('Ventas Trimestrales', 2, '{"trimestre": "Q1", "año": 2023}', '/reportes/ventas_q1_2023.pdf'),
('Producción Anual', 3, '{"año": 2022}', '/reportes/produccion_2022.pdf'),
('Rendimiento Productos', 4, '{"rango_fechas": "01/01/2023-31/03/2023"}', '/reportes/rendimiento_q1_2023.pdf'),
('Existencias Mínimas', 5, '{}', '/reportes/existencias_minimas.pdf'),
('Movimientos Almacén', 6, '{"mes": "Febrero", "año": 2023}', '/reportes/movimientos_022023.pdf'),
('Ventas por Producto', 7, '{"rango_fechas": "01/01/2023-31/01/2023"}', '/reportes/ventas_012023.pdf'),
('Proveedores Activos', 8, '{}', '/reportes/proveedores_activos.pdf'),
('Caducidades Próximas', 9, '{"dias": 60}', '/reportes/caducidades_proximas.pdf'),
('Consumo Materias Primas', 10, '{"mes": "Marzo", "año": 2023}', '/reportes/consumo_032023.pdf'),
('Eficiencia Producción', 11, '{"rango_fechas": "01/01/2023-31/03/2023"}', '/reportes/eficiencia_q1_2023.pdf'),
('Rotación Inventario', 12, '{}', '/reportes/rotacion_inventario.pdf'),
('Clientes Frecuentes', 13, '{"año": 2022}', '/reportes/clientes_2022.pdf'),
('Tendencias Ventas', 14, '{"rango_fechas": "01/01/2022-31/12/2022"}', '/reportes/tendencias_2022.pdf'),
('Costos Producción', 15, '{"mes": "Abril", "año": 2023}', '/reportes/costos_042023.pdf'),
('Análisis Mercado', 16, '{"segmento": "Cervezas Artesanales"}', '/reportes/analisis_mercado.pdf'),
('Proyección Ventas', 17, '{"año": 2023}', '/reportes/proyeccion_2023.pdf'),
('Control Calidad', 18, '{"producto_id": 10}', '/reportes/calidad_producto10.pdf'),
('Logística Distribución', 19, '{"region": "Norte"}', '/reportes/logistica_norte.pdf'),
('Impacto Marketing', 20, '{"campaña": "Verano 2023"}', '/reportes/impacto_marketing.pdf');